id,years_studied,age,gender,salary,married,sons,debt,gpa,brothers
1,5,64,Male,30055.7656,FALSE,3,38784.688,3.19,6
2,17,66,Female,37899.02243,FALSE,0,39419.55136,2.54,4
3,10,25,Male,24228.42,FALSE,0,21431.6,1.1,3
4,16,32,Female,34468.729,FALSE,0,27325.42,1.27,0
5,14,68,Female,37081.6984,FALSE,3,48966.032,1.46,6
6,12,24,Male,38304.26,TRUE,2,25314.8,1.34,2
7,0,25,Male,16973.07,TRUE,3,19038.6,1.35,3
8,2,74,Male,17344.62016,FALSE,2,40707.5968,3.96,4
9,4,74,Male,22205.10528,FALSE,0,39697.8944,3.08,3
10,3,71,Male,25293.15648,FALSE,4,42736.8704,2.16,3
11,11,75,Male,29858.31123,FALSE,1,42833.77536,3,6
12,5,61,Female,22967.1764,TRUE,0,34656.472,3.7,5
13,9,41,Male,27018.55,FALSE,4,31829,1.02,0
14,2,77,Male,8094.06,FALSE,0,42418.8,1.03,4
15,15,83,Female,44610.528,TRUE,5,59989.44,1.62,4
16,19,27,Female,55309.52968,TRUE,4,28009.4064,2.52,1
17,8,30,Female,31085.1472,TRUE,2,21597.056,2.83,1
18,0,74,Male,8810.43168,FALSE,3,42491.3664,2.07,4
19,17,69,Female,40809.2224,FALSE,3,50015.552,1.32,3
20,15,42,Male,42673.572,FALSE,3,33528.56,1.3,0
21,1,19,Male,18846.9868,TRUE,3,16560.264,3.55,2
22,7,22,Male,32662.505,TRUE,5,23849.9,1.31,2
23,1,39,Male,14522.745,TRUE,3,26545.1,1.9,2
24,20,43,Female,55951.62416,TRUE,1,24567.5168,3.76,2
25,5,62,Female,23499.82,TRUE,5,42703.6,1.87,4
26,0,46,Female,2018.295,FALSE,1,25334.1,1.37,2
27,5,38,Male,22579.635,FALSE,2,26007.3,1.16,2
28,1,48,Male,5595.055,FALSE,2,28098.9,1.4,2
29,20,75,Male,50537.1856,TRUE,0,55356.288,1.11,3
30,19,75,Female,50032.8116,TRUE,0,55243.768,1.09,5
31,4,74,Female,30121.656,FALSE,5,46966.88,1.64,5
32,18,47,Female,38425.682,FALSE,2,37086.36,1.66,1
33,8,84,Female,26705.22272,TRUE,2,49195.5456,3.03,3
34,14,33,Female,32078.4988,FALSE,4,27930.024,2.35,0
35,8,45,Female,22574.185,TRUE,0,30516.3,1.2,0
36,13,32,Female,33717.67608,TRUE,3,25146.4784,3.55,2
37,14,32,Male,38043.37872,TRUE,1,26632.4256,2.85,3
38,1,67,Male,14856.78944,TRUE,4,42464.2112,2.56,4
39,20,44,Female,55066.626,FALSE,3,37967.48,1.63,3
40,4,54,Male,15578.915,TRUE,0,32021.7,1.56,0
41,2,73,Male,18110.09152,TRUE,5,45598.1696,2.68,3
42,2,22,Male,12541.35,FALSE,0,14073,1.09,2
43,4,30,Female,11075.245,FALSE,2,20695.1,1.72,3
44,10,75,Female,37846.756,FALSE,3,46564.88,1.85,3
45,18,85,Female,54705.15328,FALSE,5,57296.9344,2.14,6
46,6,72,Male,22253.36992,FALSE,0,37132.6016,3.82,4
47,1,76,Male,11794.34128,FALSE,3,43513.1744,3.74,4
48,14,70,Male,43296.2472,FALSE,1,49475.056,1.04,5
49,4,37,Male,21072.1276,TRUE,0,22257.448,3.47,1
50,12,84,Female,30993.61037,FALSE,1,48227.79264,3.01,4
51,11,67,Male,36004.69541,TRUE,2,42406.09184,2.35,3
52,10,27,Female,26970.48,FALSE,5,25490.4,1.59,3
53,0,65,Female,10313.8228,TRUE,3,40223.544,2.15,3
54,2,39,Male,19303.3256,FALSE,4,24133.488,3.22,0
55,10,73,Female,43995.9,TRUE,5,48982,2.79,3
56,10,37,Male,35108.1,FALSE,3,24538,3.27,2
57,2,64,Male,17197.9264,TRUE,0,37841.472,2.38,6
58,5,25,Male,22513.63,TRUE,0,19227.4,1.45,3
59,17,71,Male,40344.2764,TRUE,0,50614.472,1.55,4
60,2,27,Male,17883.8672,FALSE,3,17222.656,3.59,1
61,7,46,Female,18470.415,TRUE,2,32791.7,1.02,0
62,1,53,Male,20241.4464,TRUE,2,33471.072,2.73,3
63,10,69,Female,30470.784,FALSE,4,49584.32,1.1,6
64,15,76,Female,43838.5972,TRUE,2,53128.056,1.29,3
65,11,29,Female,24581.907,TRUE,1,25661.86,1.43,1
66,18,78,Male,60678.12803,TRUE,5,55937.43936,2.35,4
67,9,32,Male,30140.93,TRUE,3,28281.4,1.21,3
68,11,48,Male,37366.75272,TRUE,2,32964.9456,2.43,0
69,5,40,Male,9254.575,FALSE,0,23708.5,1.38,1
70,5,57,Male,16941.1576,TRUE,1,33076.848,3.79,2
71,10,44,Male,29569.94,TRUE,4,35501.2,1.39,3
72,0,67,Male,17983.336,TRUE,0,38833.28,1.45,6
73,1,67,Female,21997.994,FALSE,5,41140.12,1.21,3
74,18,54,Male,45907.38,TRUE,4,47652.4,1.28,3
75,11,55,Female,37417.568,TRUE,2,37348.64,1.57,0
76,15,44,Female,39486.71592,FALSE,2,24565.6816,3.63,2
77,14,46,Female,49274.85456,TRUE,5,34202.9088,2.77,2
78,2,36,Female,17021.955,FALSE,5,26260.9,1.97,3
79,5,84,Female,34129.2796,TRUE,3,51514.408,2.61,6
80,17,58,Female,37944.33112,FALSE,1,32413.3776,3.53,2
81,2,24,Female,15456.8072,TRUE,3,17663.856,3.38,1
82,17,58,Male,47693.63024,TRUE,3,31727.3952,3.96,0
83,12,84,Male,33332.59558,FALSE,3,49848.08832,3.35,3
84,1,24,Female,3763.17,TRUE,0,15636.6,1.29,2
85,19,38,Female,43375.953,FALSE,4,34680.94,1.62,2
86,17,74,Female,46811.52342,TRUE,4,48569.53152,3.18,3
87,6,21,Male,24760.325,FALSE,4,19093.5,1.23,0
88,0,70,Female,15224.732,FALSE,5,42105.36,1.16,3
89,5,69,Male,21622.62,TRUE,3,45147.6,1.46,5
90,17,85,Female,44742.8308,TRUE,2,61243.384,1.11,5
91,1,23,Male,18734.625,TRUE,3,19507.5,1.32,3
92,19,30,Male,45957.4472,TRUE,4,18851.056,3.8,0
93,9,44,Male,23883.5108,FALSE,4,29229.784,2.39,1
94,9,44,Female,22173.84,FALSE,0,30523.2,1.1,1
95,15,26,Male,42411.643,TRUE,0,25967.14,1.72,3
96,19,38,Female,50790.52952,TRUE,0,31489.4096,2.13,2
97,5,79,Male,19337.902,TRUE,0,46941.96,2.57,6
98,13,25,Female,29595.345,TRUE,2,25693.1,1.26,1
99,1,22,Female,11656.75,FALSE,1,13165,1.73,1
100,12,77,Male,34613.5879,FALSE,3,43328.24192,3.66,5
101,0,80,Female,17889.37824,FALSE,1,45012.4352,2.28,6
102,20,22,Female,50753.98432,TRUE,3,16520.3136,3.76,0
103,9,45,Female,36233.99,FALSE,5,34420.2,1.41,3
104,16,37,Male,44228.3484,FALSE,2,21933.032,3.25,0
105,2,79,Female,24525.84368,TRUE,4,49383.1264,3.19,6
106,8,27,Female,16115.398,FALSE,1,14792.04,3.31,0
107,7,70,Female,23032.86224,TRUE,0,41542.7552,3.22,6
108,8,56,Male,18721.125,FALSE,1,34577.5,1.7,2
109,16,53,Male,40469.52216,FALSE,1,30709.5568,3.41,2
110,9,27,Male,20284.49,FALSE,0,21010.2,1.27,0
111,10,70,Female,38500.148,TRUE,5,51897.04,1.19,4
112,19,54,Female,44078.62968,FALSE,1,37527.4064,2.11,0
113,16,81,Female,38645.26061,FALSE,0,42694.78784,3.86,5
114,2,31,Female,20180.0584,FALSE,4,21698.832,3.33,2
115,0,23,Female,13017.885,TRUE,1,15742.3,1.01,2
116,5,34,Female,21119.06,FALSE,5,25518.8,1.49,1
117,13,77,Male,30943.04275,FALSE,0,42739.14496,2.76,4
118,19,60,Male,47603.113,FALSE,2,46937.74,1.4,3
119,20,57,Male,54441.46456,TRUE,0,34270.7088,3.41,1
120,7,53,Male,35693.6048,TRUE,5,33427.904,3.63,1
121,20,65,Male,47881.667,FALSE,4,50366.66,1.3,3
122,4,81,Female,24037.336,FALSE,1,45953.28,1.47,4
123,3,40,Female,7608.1764,FALSE,0,22036.472,2.92,3
124,19,57,Male,46940.90784,TRUE,2,34581.8432,3.44,3
125,13,57,Male,42999.8708,FALSE,3,31602.584,3.76,2
126,18,75,Female,55085.3152,TRUE,1,51593.696,1.83,5
127,12,44,Male,32651.4,TRUE,0,33472,1.35,3
128,5,38,Male,22801.6188,FALSE,1,23167.624,2.82,3
129,11,67,Male,32458.1884,TRUE,0,43736.232,1.39,3
130,8,33,Male,18328.3796,TRUE,0,18532.408,3.91,0
131,7,25,Male,16444.15,TRUE,1,20617,1.45,1
132,19,30,Female,43988.515,TRUE,0,29629.7,1.44,1
133,10,26,Male,34065.632,FALSE,3,15487.36,3.98,1
134,12,76,Female,43031.09818,TRUE,1,46978.03648,2.56,4
135,1,30,Male,13871.3244,FALSE,5,21573.512,3.4,1
136,15,37,Male,39510.949,TRUE,1,33681.02,1.49,3
137,6,76,Male,35561.69824,TRUE,4,47766.0352,2.7,4
138,3,77,Male,19587.12768,FALSE,3,44857.4464,2.76,3
139,15,67,Female,38295.74456,TRUE,0,37785.1088,3.47,5
140,1,58,Female,16164.63,FALSE,2,33307.4,1.06,2
141,0,23,Female,3404.795,FALSE,0,12604.1,1.97,1
142,7,39,Female,25219.97,FALSE,1,26500.6,1.29,2
143,0,46,Female,7026.63,TRUE,0,25167.4,1.37,0
144,1,55,Female,17423.31,TRUE,1,32233.8,1.07,2
145,15,26,Male,37897.46384,TRUE,4,22450.7232,3.34,1
146,10,44,Male,22461.93,TRUE,0,30361.4,1.66,1
147,17,85,Male,55728.93067,TRUE,5,53321.38656,3.29,5
148,10,32,Male,25267.06,TRUE,3,26758.8,1.81,0
149,12,57,Female,26235.91912,FALSE,0,33281.6176,3.4,2
150,7,67,Male,26139.87,TRUE,1,42302.6,1.61,3
151,15,41,Male,41059.97712,FALSE,5,32000.4576,2.12,0
152,6,38,Male,29717.735,FALSE,5,29545.3,1.29,3
153,9,49,Male,24289.21,TRUE,2,35315.8,1.31,2
154,18,45,Female,46873.55288,TRUE,2,26628.9424,3.41,0
155,0,60,Female,13839.1508,FALSE,5,36316.984,2.81,1
156,14,36,Male,44092.605,TRUE,2,32447.9,1.73,3
157,20,46,Female,51426.07384,FALSE,0,26678.5232,3.32,2
158,7,71,Male,32682.944,TRUE,2,45741.12,1.24,3
159,17,64,Female,54386.681,TRUE,2,48266.38,1.8,6
160,15,31,Male,35107.65664,TRUE,1,25446.8672,3.06,3
161,7,31,Male,26828.325,TRUE,5,27833.5,1.24,0
162,14,26,Male,34324.097,TRUE,1,26418.06,1.09,0
163,11,82,Female,37074.6796,FALSE,4,55606.408,1.31,4
164,3,49,Female,13390.375,FALSE,5,32092.5,1.69,1
165,18,44,Male,47078.18616,FALSE,1,32036.2768,2.06,1
166,10,74,Female,34483.16,FALSE,4,50136.8,1.18,4
167,6,57,Female,24073.4136,FALSE,3,35131.728,2.76,3
168,3,34,Female,16254.3084,TRUE,4,25213.832,3.73,3
169,16,42,Female,43121.207,TRUE,2,38575.86,1.2,3
170,2,35,Male,7688.1084,TRUE,0,22837.832,2.16,3
171,9,30,Male,28497.63,FALSE,5,26947.4,1.19,1
172,14,82,Male,40368.4872,FALSE,2,52930.256,1.63,4
173,20,80,Male,61233.33856,TRUE,3,53433.2288,2.31,3
174,16,70,Male,38700.2384,TRUE,0,51295.232,1.03,5
175,11,40,Male,39415.96456,TRUE,4,31880.7088,2.02,0
176,20,67,Female,58139.108,TRUE,4,55117.84,1.39,6
177,9,72,Female,23197.378,FALSE,0,44352.44,1.43,6
178,12,41,Female,30636.3604,FALSE,5,30372.792,3.11,0
179,20,43,Male,42305.16368,FALSE,1,34996.7264,2.01,3
180,4,80,Female,24911.49792,FALSE,0,43470.0416,3.17,6
181,10,48,Female,28913.48,TRUE,0,35330.4,1.26,3
182,15,51,Female,37958.64744,TRUE,2,29427.0512,3.66,2
183,20,19,Male,49983.2864,FALSE,4,11534.272,3.82,1
184,14,27,Male,40350.93504,TRUE,4,25881.2992,2.39,1
185,11,65,Female,29750.31576,FALSE,3,38893.6848,2.89,3
186,19,75,Female,51982.57648,TRUE,4,45348.4704,3.5,4
187,12,37,Male,36594.1444,FALSE,5,25217.112,3.81,1
188,12,65,Female,30542.167,FALSE,3,45556.66,1.14,3
189,16,63,Male,40888.3068,TRUE,2,40133.864,2.69,3
190,10,37,Male,24706.36,FALSE,1,25772.8,1.59,0
191,9,75,Male,25871.6524,TRUE,1,47666.952,2.01,3
192,19,72,Female,53138.40928,FALSE,3,47231.8144,2.6,6
193,3,43,Female,21353.4604,TRUE,1,26130.792,2.72,2
194,2,80,Female,28382.52864,FALSE,5,48149.4272,3.58,6
195,11,28,Male,26075.063,FALSE,3,24898.74,1.54,3
196,8,74,Male,26753.148,TRUE,2,50437.04,0.75,6
197,4,68,Female,22401.78,TRUE,5,46064.4,1.31,5
198,8,18,Male,26530.425,FALSE,5,20091.5,1.47,2
199,13,79,Male,30563.3336,FALSE,0,52533.328,1.08,5
200,9,39,Female,27918.33,TRUE,5,33133.4,1.35,2
201,10,22,Female,19037.27,FALSE,1,20154.6,1.19,1
202,15,40,Female,39601.835,FALSE,1,31963.3,1.4,0
203,19,68,Female,54627.0112,FALSE,2,50659.776,1.22,5
204,17,22,Female,46364.966,TRUE,4,32400.68,1.07,3
205,19,31,Female,39449.0108,FALSE,2,21619.784,2.86,0
206,3,75,Male,31932.41728,TRUE,5,47551.6544,3.12,5
207,18,53,Male,44205.147,FALSE,2,36897.06,2,1
208,6,49,Male,13204.86,FALSE,1,30002.8,1.11,1
209,11,80,Male,25662.5392,FALSE,0,48149.216,1.64,3
210,15,45,Female,41690.01936,TRUE,3,32799.6128,2.66,0
211,16,21,Female,35362.972,FALSE,0,21340.56,1.66,2
212,0,36,Female,14682.232,TRUE,5,25255.36,3.69,0
213,12,37,Male,37712.01008,TRUE,5,33059.7984,2.33,0
214,11,75,Female,31363.88754,TRUE,1,45822.24928,3.31,4
215,6,80,Female,30021.492,TRUE,0,48270.16,1.37,5
216,17,35,Female,36538.17,TRUE,1,28136.6,1.89,0
217,10,75,Female,31599,FALSE,1,49620,1.16,6
218,5,19,Female,18012.4912,FALSE,3,13750.176,3.1,1
219,13,77,Female,41903.42707,FALSE,1,47131.45856,2.12,4
220,9,80,Male,32932.35664,FALSE,3,49752.8672,2.34,5
221,11,29,Male,41646.848,TRUE,5,30963.04,1.09,3
222,13,55,Male,39113.4536,TRUE,2,32830.928,3.51,2
223,9,57,Male,37474.2588,TRUE,3,36814.824,3.23,2
224,14,43,Female,39469.03392,FALSE,1,22319.3216,3.57,0
225,0,37,Male,18247.5672,TRUE,3,26048.656,2.2,3
226,13,28,Male,43546.53464,FALSE,5,21069.3072,3.6,2
227,20,29,Male,55282.838,FALSE,5,33043.24,1.57,1
228,11,42,Female,27244.19208,TRUE,0,23116.1584,3.9,3
229,14,51,Male,32569.005,FALSE,0,36719.9,1.11,1
230,17,21,Male,36600.639,TRUE,2,25387.22,1.54,0
231,0,80,Female,24005.1568,TRUE,3,48696.864,2.88,6
232,11,55,Female,32957.571,FALSE,0,35748.58,1.49,2
233,17,67,Female,52985.86994,TRUE,4,48782.60128,2.45,6
234,16,50,Female,47918.38976,TRUE,4,36732.2048,3.01,3
235,4,35,Female,23853.1868,FALSE,5,24136.264,2.12,0
236,7,32,Female,24355.03,TRUE,1,22699.4,3.08,3
237,4,67,Female,23249.3968,TRUE,1,39812.064,3.08,6
238,0,85,Female,11478.656,TRUE,3,49026.88,1.36,3
239,20,50,Male,54865.138,TRUE,5,44397.24,1.67,1
240,1,64,Female,16819.7,FALSE,4,39706,1.31,5
241,15,62,Male,46586.7756,TRUE,3,45164.488,2.79,5
242,13,49,Female,35008.599,FALSE,0,32528.02,1.47,0
243,19,28,Male,53113.59672,FALSE,4,26028.0656,2.23,2
244,17,73,Female,46758.4924,FALSE,2,53330.152,1.25,6
245,4,76,Female,12004.696,FALSE,0,43206.08,1.13,4
246,15,19,Female,38213.97864,FALSE,3,19620.4272,2.59,2
247,15,35,Female,42147.502,TRUE,1,30149.96,1.31,0
248,5,19,Female,25491.2292,FALSE,4,16875.416,2.37,3
249,4,63,Female,19073.955,FALSE,5,42120.9,1.26,5
250,14,49,Female,38500.01848,TRUE,0,29399.6304,3.64,3
251,2,76,Female,18145.82,FALSE,3,45283.6,1.12,5
252,9,30,Female,32739.1828,FALSE,4,23116.344,2.29,1
253,19,41,Male,48762.404,TRUE,0,37551.92,1.08,0
254,9,80,Male,37143.81448,TRUE,0,45223.7104,3.31,5
255,8,26,Male,18669.0072,FALSE,2,18119.856,2.95,2
256,1,55,Male,15341.8696,TRUE,3,33362.608,2.52,1
257,5,29,Female,29579.54,TRUE,4,22909.2,3.15,3
258,3,34,Female,20063.294,TRUE,4,24534.12,2.78,2
259,20,60,Female,41546.93152,FALSE,1,39561.3696,2.05,0
260,5,85,Female,29277.87632,TRUE,0,48842.4736,2.94,5
261,7,62,Male,31151.0452,TRUE,3,39779.096,3.38,5
262,20,65,Male,55764.56448,FALSE,0,38808.7104,3.41,6
263,16,39,Male,41162.43264,FALSE,0,24351.3472,2.96,0
264,4,60,Male,19131.9896,FALSE,0,30960.208,3.36,0
265,9,24,Female,19559.86,FALSE,3,21302.8,1.45,0
266,4,54,Female,9036.5032,FALSE,0,26869.936,3.96,0
267,16,66,Male,55205.95725,TRUE,4,43280.85504,3.54,4
268,15,45,Female,38388.975,FALSE,3,37920.5,1.07,1
269,3,21,Female,19465.595,TRUE,1,17888.1,1.02,3
270,3,57,Male,27892.4324,TRUE,5,37651.352,2.15,2
271,9,82,Male,30804.27984,TRUE,0,49314.4032,2.14,4
272,20,20,Female,50639.04,TRUE,0,27719.2,1.05,2
273,8,38,Male,31935.7216,FALSE,3,25085.568,3.28,3
274,15,77,Male,44903.06152,FALSE,4,49438.7696,2.85,3
275,0,71,Male,20579.096,FALSE,3,42518.08,3.21,6
276,0,81,Male,18037.97088,FALSE,2,44140.5824,3.79,3
277,0,59,Female,3318.9612,TRUE,0,32920.776,2.13,0
278,17,77,Female,59826.09818,TRUE,5,47478.03648,4,4
279,18,39,Male,41021.093,FALSE,4,32078.14,1.95,1
280,6,56,Male,23901.605,TRUE,3,36967.9,1.3,0
281,18,62,Male,49576.402,FALSE,1,43571.96,1.61,3
282,15,80,Female,52035.7212,FALSE,5,57585.576,1.33,5
283,9,45,Female,35636.5,TRUE,4,34270,1.7,0
284,17,32,Male,48932.18712,FALSE,3,26656.2576,2.63,3
285,11,56,Female,37658.19088,TRUE,4,40036.1824,3.12,2
286,3,25,Male,13876.2712,TRUE,4,19774.576,3.23,1
287,14,48,Male,42339.291,TRUE,4,38214.18,1.9,2
288,0,39,Male,6394.055,TRUE,0,22018.9,1.19,0
289,3,55,Female,20044.0424,FALSE,2,31519.152,2.74,1
290,16,41,Male,49323.43552,FALSE,4,30431.2896,2.99,3
291,16,25,Male,46911.513,TRUE,3,29869.74,1.31,1
292,13,42,Female,40954.52592,TRUE,5,33009.4816,2.31,1
293,6,36,Female,21143.865,TRUE,5,28922.7,1.48,1
294,4,53,Male,15892.4532,FALSE,5,34350.936,2.12,1
295,6,71,Female,27062.556,FALSE,5,46448.88,1.07,3
296,13,46,Female,28081.615,FALSE,2,30367.7,2,0
297,13,38,Male,42057.414,TRUE,2,34151.72,1.43,3
298,2,70,Female,16822.3,TRUE,3,43654,3.51,5
299,1,46,Female,4737.466,FALSE,2,26550.68,2.93,0
300,15,26,Female,35121.77888,TRUE,2,22764.4224,2.32,2
301,8,44,Female,20654.4248,TRUE,1,23811.504,3.89,0
302,0,45,Male,11209.24,FALSE,0,24715.2,1.39,3
303,18,44,Male,39288.301,FALSE,3,37833.98,1.06,1
304,6,31,Male,21998.805,TRUE,5,28023.9,1.1,3
305,13,84,Female,49737.9124,TRUE,5,59741.752,1.15,3
306,8,41,Male,32362.7844,TRUE,1,24744.312,3.5,3
307,13,84,Female,42433.32498,FALSE,3,50633.50048,3.13,6
308,15,31,Male,29747.64408,FALSE,0,17747.1184,3.57,1
309,9,21,Male,21679.77,FALSE,1,16504.6,1.81,0
310,17,28,Male,44193.724,FALSE,1,26225.52,1.41,2
311,11,63,Male,35242.599,TRUE,1,47248.02,0.61,6
312,17,19,Male,35736.85,FALSE,2,24363,1.61,3
313,18,18,Female,45964.37464,FALSE,3,10912.5072,3.92,3
314,7,32,Male,20650.09,TRUE,4,25898.2,1.49,0
315,4,27,Female,27756.6772,TRUE,5,23166.456,2.43,2
316,18,61,Male,53829.486,FALSE,3,47210.28,1.68,5
317,10,80,Female,28702.6472,TRUE,0,44047.056,3.81,4
318,20,29,Male,48319.801,FALSE,0,31803.98,1.02,2
319,0,76,Female,24354.27136,TRUE,4,47714.5728,2.78,5
320,0,76,Male,13451.6288,TRUE,4,46267.424,3.83,3
321,17,19,Male,49026.435,TRUE,4,28871.3,1.14,0
322,6,19,Female,23601.4432,FALSE,2,12971.136,3.2,1
323,19,24,Female,41401.0112,TRUE,0,17479.776,3.25,3
324,5,50,Female,14867.1384,TRUE,0,30757.232,2.31,3
325,2,71,Female,13087.04,FALSE,3,42659.2,1.74,5
326,0,60,Male,5417.328,TRUE,0,33853.44,3.22,2
327,13,63,Female,45418.123,TRUE,3,47237.54,1.46,3
328,6,26,Male,10851.885,FALSE,0,17762.3,1.28,2
329,10,20,Female,27618.83,TRUE,2,21723.4,1.41,0
330,13,23,Male,28602.061,FALSE,0,20658.78,1.17,1
331,2,63,Female,17107.2532,FALSE,3,35954.936,3.71,3
332,1,48,Male,16863.0344,FALSE,3,27939.312,2.42,1
333,14,50,Male,44236.392,TRUE,5,42572.16,1.23,3
334,11,59,Female,33477.808,TRUE,1,38443.84,3,2
335,7,61,Male,28387.975,FALSE,4,42040.5,1.28,5
336,1,66,Female,9720.494,FALSE,3,38890.12,1.13,4
337,18,22,Male,45478.844,FALSE,2,25223.12,1.08,0
338,3,44,Male,14475.0296,TRUE,3,28999.408,3.05,2
339,8,40,Female,28022.705,TRUE,3,31845.9,1.23,2
340,12,23,Female,41179.60968,FALSE,5,22407.8064,2.5,3
341,19,27,Female,52076.10448,TRUE,2,28577.9104,2.11,1
342,16,55,Female,43071.13584,FALSE,1,38977.2832,2.04,0
343,11,43,Male,21142.202,FALSE,0,31055.96,1.29,1
344,4,64,Male,18486.915,FALSE,5,42161.7,1.39,4
345,19,79,Male,47669.10099,TRUE,0,46217.98016,3.16,6
346,10,35,Female,29355.5952,FALSE,2,22288.096,3.44,3
347,5,66,Male,14085.592,FALSE,1,38888.16,1.36,3
348,17,71,Male,45995.8892,FALSE,2,51182.216,1.41,5
349,14,83,Female,52653.2144,TRUE,5,59035.712,1.61,4
350,9,55,Male,33709.8572,FALSE,2,33702.856,3.29,3
351,12,57,Male,45115.925,TRUE,5,44081.5,1.24,2
352,4,28,Male,12463.1316,FALSE,1,16937.368,2.02,0
353,7,53,Female,15576.294,FALSE,0,29874.12,2.54,2
354,14,67,Female,44423.192,FALSE,5,53636.16,0.81,6
355,3,34,Male,15759.4,FALSE,4,23612,1.58,1
356,7,46,Female,16780.7776,FALSE,1,27184.448,3.08,2
357,8,22,Male,21695.005,FALSE,5,22399.9,1.23,2
358,9,23,Male,22743.5044,FALSE,0,14429.912,3.33,2
359,0,76,Female,13827.58784,TRUE,3,46148.2432,3.07,6
360,9,57,Male,23205.02,FALSE,0,35299.6,1.04,1
361,3,83,Male,28504.41296,FALSE,4,49711.7408,2.38,6
362,1,41,Female,14244.1224,FALSE,4,27117.552,2.5,3
363,8,51,Female,20906.61,FALSE,4,34867.8,1.1,0
364,8,54,Female,30559.875,TRUE,4,39602.5,1.28,2
365,5,18,Male,21963.04,TRUE,4,19839.2,1.31,2
366,20,21,Female,52445.55056,TRUE,1,16988.9888,3.39,0
367,15,27,Male,48046.474,TRUE,5,31870.52,1.38,1
368,6,79,Male,26618.408,FALSE,0,44631.84,1.9,4
369,0,42,Male,14668.22,TRUE,1,25135.6,1.45,2
370,13,72,Female,31908.11016,FALSE,0,37937.7968,3.71,5
371,0,78,Male,22900.012,TRUE,3,47599.76,0.96,6
372,2,67,Male,29017.78,TRUE,5,45444.4,1.18,6
373,11,47,Female,26392.18504,FALSE,3,31756.2992,2.06,1
374,11,65,Female,38792.63128,FALSE,1,39547.3744,2.54,6
375,1,28,Male,18445.295,FALSE,5,20994.1,1.39,2
376,18,46,Female,37579.69592,FALSE,1,31106.0816,2.57,1
377,1,43,Male,9900.212,FALSE,2,24895.76,3.69,0
378,12,35,Female,33192.842,TRUE,5,31143.16,2,1
379,0,75,Female,9660.47104,TRUE,2,43190.5792,2.14,3
380,15,26,Male,33126.87384,FALSE,2,22362.5232,2.79,3
381,7,71,Female,31771.7084,FALSE,5,47265.832,2.07,6
382,8,76,Male,22699.488,FALSE,2,48110.24,1.01,4
383,11,65,Female,35598.292,FALSE,0,43734.16,1.07,5
384,1,61,Female,7348.43,FALSE,2,34831.4,1.48,3
385,17,32,Male,50447.623,TRUE,4,31147.54,1.61,0
386,14,77,Male,46057.64432,TRUE,0,48547.1136,2.07,5
387,17,51,Female,37973.804,FALSE,3,41023.92,1.35,1
388,2,46,Female,5530.8024,FALSE,0,25183.952,3.38,2
389,11,81,Female,38378.92198,TRUE,2,51021.56032,2.16,5
390,18,38,Female,50808.03144,FALSE,3,23339.3712,3.85,1
391,10,74,Female,31468.73072,TRUE,3,49325.3856,2.07,4
392,0,24,Female,4898.5244,TRUE,2,17929.512,3.29,1
393,17,30,Female,46474.77184,TRUE,4,23404.5632,3.29,0
394,14,58,Female,43879.47,FALSE,3,45110.6,1.17,3
395,16,60,Female,38817.91312,FALSE,0,38241.7376,2.46,2
396,7,52,Male,26421.655,TRUE,3,35566.9,1.5,1
397,16,82,Male,44165.9024,FALSE,2,54781.952,1.41,4
398,11,30,Female,29430.30824,FALSE,2,18393.8352,3.2,1
399,3,35,Female,17674.5608,FALSE,0,18708.784,3.72,3
400,6,32,Female,17801.965,FALSE,2,21560.7,1.36,0
401,13,24,Male,43111.5448,FALSE,5,23869.104,2.31,3
402,6,62,Female,29850.6352,FALSE,2,38287.296,2.13,6
403,7,67,Female,35488.482,FALSE,5,45130.36,1.59,5
404,4,40,Female,12309.0544,FALSE,0,21618.912,2.78,0
405,1,60,Male,12956.44,TRUE,2,35171.2,1.43,0
406,3,63,Female,14236.0968,TRUE,0,37678.064,2.64,6
407,7,36,Male,28634.4628,FALSE,3,21810.744,3.75,1
408,2,54,Female,10073.63,FALSE,4,33627.4,1.21,1
409,2,23,Male,18582.225,TRUE,2,18555.5,1.42,2
410,2,38,Male,20922.8488,FALSE,5,25543.024,2.3,1
411,5,69,Female,29235.506,FALSE,4,44589.88,1.13,4
412,5,25,Male,23975.9004,TRUE,5,22481.992,2.7,1
413,13,21,Male,36458.52336,TRUE,5,22229.5328,3.44,3
414,3,49,Male,15235.94,TRUE,4,34481.2,1.12,2
415,13,21,Male,30917.61544,FALSE,1,10847.6912,3.72,0
416,3,73,Male,14176.21224,TRUE,1,42775.7552,2.53,3
417,0,23,Male,7909.375,FALSE,0,12812.5,1,1
418,10,35,Female,32419.34,TRUE,3,31313.2,1.47,3
419,12,64,Female,46061.3732,TRUE,3,36772.536,4,4
420,17,45,Male,46598.961,FALSE,3,38720.78,1.07,0
421,12,50,Female,34429.41672,FALSE,3,29011.6656,3.26,1
422,20,51,Female,50588.12848,FALSE,0,32837.4304,2.76,1
423,8,69,Female,28350.568,FALSE,3,43288.64,1.73,3
424,8,39,Male,28783.6324,TRUE,3,28027.352,2.57,2
425,20,36,Female,53840.69488,TRUE,0,27186.1024,2.7,3
426,15,85,Male,51693.5676,FALSE,4,59828.648,1.37,6
427,12,24,Male,27372.52112,TRUE,0,17449.5776,3.19,3
428,7,59,Male,21219.8464,TRUE,1,32403.072,3.88,2
429,7,66,Male,29267.488,TRUE,0,42050.24,1.04,3
430,5,69,Male,24874.45944,FALSE,1,39210.8112,2.37,3
431,5,47,Female,14581.694,TRUE,1,29366.12,2.2,1
432,17,47,Female,40724.571,TRUE,3,39108.58,1.46,1
433,14,46,Male,42807.309,TRUE,5,38953.82,1.81,1
434,11,68,Female,42351.36272,TRUE,5,50772.7456,2.18,6
435,14,58,Female,41698.8,TRUE,1,43624,1.16,0
436,11,46,Female,37609.3492,TRUE,0,24713.016,3.99,3
437,4,83,Female,24731.896,FALSE,1,47662.08,1.13,5
438,6,36,Female,25751.5052,FALSE,2,21469.896,3.45,2
439,14,30,Male,43148.9248,FALSE,5,27721.504,2.07,0
440,1,71,Male,17166.022,FALSE,0,39379.56,1.07,6
441,10,74,Male,33147.944,TRUE,0,48641.12,1.36,6
442,14,65,Female,44485.461,TRUE,1,46390.78,1.11,3
443,8,44,Male,35144.07,TRUE,5,33518.6,1.84,0
444,1,63,Male,17287.09,TRUE,0,36258.2,1.1,3
445,14,23,Female,41173.417,TRUE,1,21631.66,1.91,2
446,17,77,Male,49998.40898,TRUE,2,51331.82048,2.23,5
447,5,48,Male,23132.0244,FALSE,1,29359.512,2.1,3
448,11,19,Male,35830.74912,TRUE,2,16785.0176,3.54,0
449,0,55,Male,12817.4716,TRUE,5,36050.568,2.74,3
450,20,54,Female,51969.638,TRUE,3,46207.24,1.26,1
451,12,31,Female,33545.698,FALSE,4,31286.04,1.02,2
452,9,44,Female,28744.22,FALSE,0,30515.6,1.24,3
453,17,62,Female,45296.11864,TRUE,3,39977.6272,3.19,4
454,18,76,Male,47898.86845,TRUE,0,47522.63104,2.85,3
455,6,52,Male,26629.92,TRUE,5,37001.6,1.56,0
456,7,66,Male,23542.926,FALSE,1,41241.48,1.01,4
457,3,19,Female,10641.8376,FALSE,0,10363.248,3.52,2
458,4,49,Male,13901.17,FALSE,0,27576.6,1.76,2
459,17,38,Male,52143.765,TRUE,5,37224.7,1.41,0
460,9,57,Male,18915.03,FALSE,0,36399.4,1.07,2
461,8,54,Male,37121.48,TRUE,5,39970.4,1.44,2
462,9,56,Female,23386.77,FALSE,3,37964.6,1.37,2
463,10,70,Female,33135.57872,TRUE,4,45588.4256,2.83,4
464,8,42,Male,28106.9412,FALSE,5,26861.176,3.5,0
465,19,33,Female,52770.854,FALSE,5,33482.92,1.29,0
466,3,80,Male,27159.958,TRUE,5,52300.84,1.55,6
467,18,52,Female,52912.14112,TRUE,2,33257.1776,3.25,1
468,19,56,Female,57723.18,FALSE,5,39636.4,2.71,3
469,2,36,Male,11658.695,TRUE,4,25926.1,1.21,1
470,12,32,Female,28370.476,TRUE,2,28790.48,1.72,1
471,19,80,Female,58372.602,FALSE,4,59047.96,1.15,5
472,12,21,Female,42588.38096,TRUE,5,23432.3808,2.82,1
473,11,45,Male,33987.568,FALSE,1,30048.64,1.98,2
474,20,79,Female,55843.7808,TRUE,0,57724.384,1.16,3
475,17,79,Male,58439.94795,TRUE,4,46901.04096,3.77,4
476,11,76,Male,39570.52584,FALSE,2,41689.4832,3.61,3
477,9,64,Male,23969.72,TRUE,0,42105.6,1.35,4
478,5,33,Male,27120.0364,TRUE,2,23299.272,3.47,3
479,3,50,Male,27001.085,TRUE,5,34878.3,1.49,2
480,9,69,Male,31728.51712,TRUE,4,46429.6576,2.8,5
481,15,59,Male,47420.89856,TRUE,5,45782.0288,2.12,3
482,5,30,Male,18417.718,TRUE,1,19045.64,3.74,0
483,14,75,Male,48135.03616,TRUE,4,48699.2768,3.14,6
484,17,52,Male,45180.6664,TRUE,1,32786.672,3.24,2
485,4,78,Male,24587.612,TRUE,2,48447.76,1.42,6
486,13,61,Male,43432.78768,TRUE,3,42844.2464,2.95,6
487,14,26,Female,42539.283,TRUE,5,30914.34,1.47,3
488,18,57,Female,43766.571,TRUE,3,48668.58,1,2
489,14,28,Female,36030.769,FALSE,3,27284.62,1.19,2
490,5,41,Female,28759.665,TRUE,4,30706.7,1.39,2
491,20,20,Male,58592.36384,TRUE,5,29352.7232,2.12,2
492,17,50,Female,44153.42,TRUE,2,42631.6,1.07,1
493,8,72,Male,28620.3968,TRUE,3,45292.064,2.87,5
494,10,26,Female,26678.82,FALSE,2,22323.6,1.39,2
495,9,27,Female,27639.39,FALSE,1,20312.2,1.41,1
496,8,46,Female,28166.3664,FALSE,2,29172.672,2.05,0
497,4,48,Female,14945.2072,FALSE,4,31295.856,2.42,2
498,14,43,Female,37664.614,FALSE,3,38107.72,1.04,3
499,5,54,Female,17481.85,FALSE,5,36063,1.27,1
500,3,30,Female,12936.9012,FALSE,4,20961.976,3.47,3
501,18,29,Female,48124.114,FALSE,3,31317.72,1.08,1
502,0,65,Female,16907.416,FALSE,5,41051.68,2.42,5
503,19,60,Male,43937.58432,TRUE,1,37148.3136,3.09,1
504,10,70,Female,39819.604,FALSE,5,49707.92,1.11,3
505,12,80,Female,44138.2889,FALSE,3,44734.22208,3.75,4
506,20,41,Female,40045.343,FALSE,0,37593.14,1.15,3
507,15,32,Female,32959.81,FALSE,0,24103.8,1.93,0
508,9,18,Male,33964.14,TRUE,3,22317.2,1.06,3
509,14,45,Male,35605.934,FALSE,2,32681.32,1.98,1
510,13,28,Female,36862.971,FALSE,1,26440.58,1.27,3
511,16,66,Female,47662.0784,FALSE,1,49358.432,1.06,6
512,19,84,Female,60852.3775,FALSE,5,51952.44992,3.1,4
513,5,44,Male,24038.285,TRUE,4,32334.3,1.51,2
514,11,18,Male,36296.46072,TRUE,5,19070.7856,2.9,2
515,3,24,Female,13420.51,TRUE,1,18189.8,1.36,1
516,12,45,Male,27495.94616,TRUE,1,30981.0768,2.09,0
517,10,29,Female,25407.072,FALSE,3,21258.56,3.64,3
518,19,43,Male,39768.01448,FALSE,0,20239.7104,3.96,2
519,1,56,Female,6516.176,FALSE,3,31976.48,2.03,0
520,12,69,Female,42352.4608,TRUE,2,47850.784,1.19,3
521,4,50,Female,14637.995,FALSE,1,28740.1,1.65,1
522,13,83,Female,34057.89253,FALSE,1,50942.14944,2.61,6
523,14,65,Male,31344.716,FALSE,0,41605.68,1.85,4
524,5,61,Male,16670.4632,FALSE,2,36790.736,2.82,4
525,4,56,Male,30110.54,TRUE,5,38889.2,1.41,3
526,18,70,Male,57584.16432,TRUE,2,46816.7136,2.85,6
527,9,79,Female,33771.526,TRUE,5,55469.48,1.29,6
528,20,37,Male,52721.545,FALSE,5,34569.1,2,3
529,19,35,Male,46712.669,TRUE,4,35646.62,1.49,3
530,9,35,Male,21062.45,TRUE,1,27751,1.4,1
531,18,42,Male,36024.90416,FALSE,0,21801.9168,3.83,0
532,20,84,Female,49478.53075,FALSE,3,53029.38496,2.46,4
533,20,73,Male,47428.02432,FALSE,1,44639.5136,2.72,6
534,1,19,Male,12774.3588,FALSE,2,12012.824,2.95,0
535,12,41,Female,29269.66592,FALSE,0,23106.6816,3.15,1
536,10,74,Female,24258.8328,FALSE,0,44123.344,2.13,4
537,7,22,Male,18104.278,FALSE,4,15314.44,3.34,0
538,20,70,Male,57669.20973,TRUE,4,44215.80544,3.26,3
539,11,38,Female,28050.88,FALSE,1,28782.4,1.38,2
540,14,70,Female,43587.91971,FALSE,1,44341.60576,2.61,4
541,2,75,Female,23462.872,FALSE,4,44442.56,1.87,3
542,4,74,Male,23649.948,TRUE,5,49901.04,1.49,6
543,4,61,Male,15293.245,FALSE,3,38135.1,1.2,4
544,0,65,Female,11221.5,FALSE,1,36770,1.12,6
545,11,77,Female,43302.92467,TRUE,2,49741.50656,2.68,5
546,19,19,Female,41738.158,FALSE,5,26736.84,1.35,0
547,9,34,Female,19678.9268,FALSE,2,23321.464,2.89,0
548,16,72,Female,40490.39008,TRUE,0,46592.1984,2.24,6
549,5,36,Female,23696.1,FALSE,5,25078,3.2,3
550,16,36,Female,38117.678,FALSE,0,24146.44,2.95,3
551,3,31,Male,14970.96,TRUE,1,21180.8,1.86,2
552,4,26,Male,20747.6,FALSE,3,18948,1.69,1
553,8,62,Male,31226.17,FALSE,5,43276.6,1.38,4
554,2,78,Male,19873.604,TRUE,2,47327.92,1.38,5
555,4,44,Female,21858.57,FALSE,3,28428.6,1.26,1
556,8,24,Female,24699.964,FALSE,3,18300.72,2.43,2
557,15,35,Female,35487.60512,FALSE,4,24247.8976,2.9,1
558,12,43,Male,43490.32824,TRUE,5,31993.4352,2.58,0
559,20,49,Female,54394.5,TRUE,1,42010,1.19,2
560,8,40,Female,22847.665,FALSE,1,28146.7,1.01,3
561,6,51,Female,30049.75,FALSE,5,35805,1.48,2
562,20,81,Female,49138.82394,FALSE,2,46223.52128,3.2,5
563,16,63,Female,51873.207,TRUE,2,50035.86,1.15,6
564,0,18,Male,5581.635,TRUE,0,12067.3,1.27,1
565,0,84,Female,22833.048,TRUE,3,49839.04,1.35,5
566,8,60,Male,31881.775,TRUE,4,42664.5,1.53,3
567,8,38,Male,15542.095,FALSE,1,25858.1,1.07,0
568,2,72,Male,24913.876,FALSE,4,44522.48,0.88,6
569,8,61,Female,22960.7192,FALSE,3,38385.616,2.06,3
570,12,85,Female,43348.31955,TRUE,4,53333.60896,3.03,4
571,11,67,Female,34529.7696,FALSE,0,42404.608,1.4,3
572,8,61,Male,27417.0176,FALSE,1,37559.648,2.39,6
573,14,48,Male,44894.90088,FALSE,4,29901.9824,3.68,1
574,5,55,Male,18390.5988,FALSE,4,34988.024,2.78,3
575,4,64,Male,29823.47,FALSE,5,43030.6,1.15,6
576,10,28,Female,24398.77,FALSE,1,23524.6,1.05,1
577,14,60,Female,35350.91048,TRUE,3,43181.7904,2.02,0
578,14,52,Female,31392.55336,FALSE,1,33448.9328,2.23,3
579,2,77,Female,15513.29792,FALSE,4,46134.0416,2.74,5
580,15,64,Male,51350.53656,TRUE,3,41289.2688,3.03,4
581,3,26,Male,16487.605,TRUE,2,20447.9,1.32,3
582,20,30,Female,57314.2668,FALSE,5,18314.664,3.96,1
583,14,73,Male,41574.7056,FALSE,0,48105.888,1.36,4
584,19,53,Male,53372.11816,FALSE,3,38857.6368,2.03,2
585,2,49,Male,4808.89,FALSE,1,26622.2,1.48,0
586,14,41,Male,36052.9724,FALSE,3,32340.552,2.14,0
587,1,74,Female,21719.92648,FALSE,3,42301.4704,3.87,4
588,19,76,Male,48197.50426,FALSE,3,46249.91488,3.32,5
589,6,20,Male,17008.4392,FALSE,0,12931.216,2.81,3
590,13,28,Male,34998.693,TRUE,5,30226.14,1.42,2
591,17,22,Male,42758.564,TRUE,1,22828.72,1.9,3
592,4,77,Female,26552.916,TRUE,0,46141.68,1.32,6
593,14,49,Female,31981.854,FALSE,3,37062.92,1.37,1
594,8,58,Female,29462.205,TRUE,4,40455.9,1.37,0
595,9,25,Male,26479.4904,TRUE,2,21210.192,2.08,0
596,3,51,Female,20626.27,TRUE,1,30674.6,1.62,1
597,3,20,Male,18225.2976,TRUE,3,18594.048,2.81,3
598,10,72,Male,35313.83392,TRUE,5,48723.3216,2.6,5
599,15,53,Male,40428.875,FALSE,1,39322.5,1.19,0
600,16,41,Female,42328.915,TRUE,5,41421.7,1.1,3
601,20,62,Male,45502.92984,FALSE,0,35241.4032,3.13,6
602,1,28,Female,6762.5448,TRUE,1,18449.104,3.77,2
603,20,79,Male,54388.8352,TRUE,2,60923.296,1.07,4
604,11,25,Female,24834.593,TRUE,1,25208.14,1.19,2
605,17,65,Female,48946.388,FALSE,5,51672.24,1.06,4
606,16,52,Female,32015.071,FALSE,0,35998.58,1.73,1
607,11,52,Female,35648.06616,FALSE,1,29538.6768,3.85,2
608,19,52,Female,47389.53,TRUE,1,39509.4,1.83,1
609,6,24,Male,20910.7276,TRUE,5,21485.448,2.67,1
610,16,47,Male,43494.864,FALSE,5,41402.72,1.23,1
611,20,76,Female,48514.224,FALSE,3,57815.52,1.11,5
612,15,44,Female,45000.346,TRUE,5,40593.08,1.26,2
613,13,60,Male,29146.156,FALSE,2,42376.88,1.03,1
614,13,51,Male,26447.184,FALSE,0,35556.32,1.25,2
615,1,81,Male,16664.35952,TRUE,5,49512.8096,2.58,3
616,13,22,Female,29291.66248,TRUE,1,17866.7504,3.47,1
617,11,48,Female,39135.89544,TRUE,5,31882.0912,3.86,2
618,18,79,Male,44306.0144,TRUE,1,56179.712,1.43,4
619,11,85,Male,41522.0984,FALSE,4,55558.032,1.1,3
620,15,55,Male,40298.96,TRUE,1,40120.8,1.61,2
621,7,33,Male,28910.1324,TRUE,4,24597.352,3.18,3
622,10,41,Male,27398.3152,TRUE,3,27633.696,2.86,1
623,2,23,Male,6974.0012,TRUE,1,15719.976,3.92,0
624,10,67,Female,40848.35712,TRUE,2,42432.8576,3.04,5
625,20,47,Male,57603.85216,TRUE,5,32922.9568,3.6,3
626,7,18,Male,22355.2756,TRUE,1,15294.488,2.64,2
627,4,51,Female,22971.865,TRUE,2,32562.7,1,0
628,10,44,Male,34714.9416,FALSE,3,23501.168,3.98,0
629,18,49,Male,48769.92696,FALSE,2,30001.4608,2.74,0
630,20,39,Male,45965.07736,TRUE,2,26398.4528,3.27,1
631,9,66,Male,29152.68488,TRUE,2,44446.3024,2.55,6
632,19,70,Male,57536.95093,TRUE,4,48160.98144,2.89,6
633,0,42,Male,17440.29,TRUE,3,27894.2,1.27,2
634,10,36,Male,27227.77,TRUE,0,28044.6,1.06,2
635,5,60,Male,15567.1956,TRUE,1,36456.088,2.28,1
636,0,72,Female,6851.656,TRUE,0,40666.88,1.37,4
637,20,44,Female,46061.982,FALSE,5,42960.36,1.12,1
638,6,43,Female,26706.3488,FALSE,3,26473.024,2.96,1
639,1,32,Female,15714.755,FALSE,4,21604.9,1.19,0
640,7,55,Male,34572.7344,TRUE,5,37045.312,2.85,0
641,8,65,Female,33527.7408,TRUE,0,36645.184,3.72,4
642,1,79,Male,11279.678,FALSE,0,42706.44,1.03,4
643,17,59,Male,53058.03,TRUE,4,47039.4,1.52,1
644,12,46,Male,28582.23728,FALSE,3,30355.2544,2.5,1
645,5,23,Male,20733.59,TRUE,4,21628.2,1.03,0
646,19,53,Female,48933.478,FALSE,0,43130.44,1.08,3
647,11,41,Female,34301.21984,TRUE,2,28775.6032,2.78,3
648,12,33,Female,43249.724,TRUE,5,32905.52,1.19,2
649,0,39,Female,12442,TRUE,4,25560,1.64,0
650,0,57,Male,5441.9184,TRUE,1,32961.632,2.28,1
651,5,72,Female,30625.378,TRUE,2,47592.44,0.61,6
652,19,66,Female,52595.88885,FALSE,3,44582.22304,2.45,6
653,14,58,Male,34777.161,TRUE,2,44056.78,1.36,2
654,18,71,Female,61241.656,TRUE,5,54466.88,1.73,6
655,20,36,Female,54839.27264,FALSE,4,32714.5472,2.25,1
656,1,44,Female,12812.1,TRUE,2,28058,2.13,1
657,0,40,Female,17205.705,TRUE,3,26185.9,1.03,2
658,11,51,Female,35686.845,TRUE,3,39263.1,1.6,3
659,4,60,Female,16253.5768,FALSE,1,32828.464,3.29,1
660,19,40,Female,44575.23,TRUE,3,39395.4,1.09,2
661,4,85,Male,11931.1,FALSE,0,47078,1.07,3
662,0,23,Male,10819.4912,TRUE,0,14110.176,2.45,0
663,14,83,Male,37428.94,TRUE,1,56021.2,1.36,5
664,13,80,Male,46562.4384,FALSE,4,55351.232,1.16,5
665,4,65,Male,15709.49,TRUE,0,39910.2,1.41,6
666,18,50,Female,48785.91904,FALSE,4,30381.6192,3.61,2
667,2,84,Female,26360.68,TRUE,2,49986.4,1.92,6
668,14,62,Male,41007.465,TRUE,4,48350.7,1.45,6
669,11,36,Male,32465.423,FALSE,0,26791.54,1.91,3
670,4,85,Female,12871.456,FALSE,0,47070.88,1.45,4
671,17,33,Male,45963.223,FALSE,2,30535.54,1.38,2
672,9,24,Female,20020.18,TRUE,1,23296.4,1.07,1
673,19,28,Male,46987.79056,TRUE,4,22644.1888,3.64,2
674,11,54,Male,37999.755,TRUE,5,43404.9,1.54,2
675,20,24,Female,59056.619,TRUE,5,34867.62,1.3,3
676,11,56,Female,41407.56824,TRUE,4,35048.6352,3.12,0
677,18,20,Female,49367.95816,TRUE,2,18340.8368,2.57,0
678,7,72,Male,28426.432,FALSE,3,47071.36,1.16,6
679,12,26,Male,33674.69072,TRUE,1,21206.1856,2.77,3
680,13,26,Male,33993.381,TRUE,5,30032.38,1.29,1
681,20,24,Male,52516.63424,TRUE,4,22067.3152,2.94,1
682,14,39,Female,39472.87192,TRUE,1,22442.5616,3.89,3
683,12,63,Male,39897.3768,TRUE,2,39252.464,3.62,5
684,0,34,Male,12205.105,FALSE,5,23197.9,1.93,2
685,7,73,Female,23670.568,FALSE,4,46588.64,1.4,4
686,11,41,Female,38432.86264,TRUE,2,30942.7472,2.76,2
687,14,21,Male,41329.736,FALSE,4,24805.28,1.44,1
688,20,43,Male,54248.00344,FALSE,3,32439.9312,2.64,1
689,17,72,Female,55124.1004,FALSE,4,50417.992,1.89,6
690,12,49,Female,26268.98992,FALSE,0,27620.2016,3,3
691,4,70,Male,29141.456,TRUE,3,44470.88,1.73,4
692,15,56,Male,37909.686,TRUE,3,45706.28,1.19,2
693,18,41,Female,50524.586,FALSE,3,38108.28,1.16,3
694,3,81,Male,29772.4372,TRUE,3,48851.256,3.73,5
695,7,65,Female,30890.9452,TRUE,0,39081.096,2.69,4
696,14,79,Male,39056.72662,TRUE,1,47365.46752,3.05,6
697,18,58,Female,44169.497,FALSE,5,47510.06,1.49,2
698,4,71,Female,30094.9888,FALSE,5,43300.224,3.32,4
699,2,40,Male,14196.0212,FALSE,0,21879.576,3.08,1
700,0,31,Male,10153.7624,TRUE,1,20724.752,2.68,3
701,5,84,Male,28703.39712,FALSE,1,46332.0576,3.24,6
702,11,57,Female,28899.49288,TRUE,2,36510.1424,2.55,1
703,4,31,Female,12869.6168,FALSE,3,20607.664,3.6,2
704,0,48,Female,10628.725,TRUE,2,29125.5,1.07,1
705,16,79,Female,50194.29901,TRUE,4,54214.01984,2.01,4
706,18,33,Female,41963.116,TRUE,4,37137.68,1.04,0
707,16,63,Female,48779.65352,FALSE,2,34606.9296,3.92,3
708,1,60,Male,10408.0464,FALSE,4,36339.072,3.45,2
709,12,47,Male,27311.87408,FALSE,1,26562.5184,3.88,2
710,7,84,Female,31477.558,FALSE,2,50548.84,1.21,4
711,11,46,Female,41791.74112,TRUE,5,33065.1776,2.69,0
712,6,49,Female,19043.44,TRUE,3,34531.2,1.24,1
713,14,85,Female,49392.7455,FALSE,4,51645.08992,2.95,4
714,1,33,Female,9088.625,TRUE,4,23227.5,1.9,0
715,20,53,Female,59889.326,TRUE,5,46513.48,1.33,1
716,11,68,Female,33911.29758,FALSE,2,42074.04832,2.43,4
717,2,52,Male,15442.8156,FALSE,3,32643.688,2.25,3
718,4,40,Female,13309.875,FALSE,4,26502.5,1.77,1
719,4,47,Female,17741.96,FALSE,4,30860.8,1.17,0
720,11,34,Female,32249.756,TRUE,5,32504.88,1.45,3
721,4,74,Female,20053.41088,TRUE,2,44931.7824,2.8,6
722,2,83,Female,19805.472,FALSE,4,48690.56,1.88,4
723,19,21,Female,48657.041,TRUE,3,25959.18,1.71,2
724,12,47,Male,40780.951,TRUE,3,36980.98,1.36,1
725,1,25,Female,14914.5408,FALSE,5,19909.184,3.32,3
726,1,55,Female,8948.905,TRUE,2,33321.9,1.23,2
727,15,20,Male,30975.08592,TRUE,0,15298.2816,3.48,0
728,0,50,Male,13756.6868,FALSE,2,29066.264,2.92,1
729,19,25,Male,42098.862,TRUE,3,30822.76,1.28,0
730,3,47,Female,15107.805,FALSE,2,29743.9,1.29,3
731,0,83,Female,14050.49824,TRUE,1,46290.0352,2.63,3
732,11,74,Female,29165.6472,TRUE,1,50487.056,1.08,3
733,4,34,Male,27175.69,TRUE,4,27186.2,1.77,3
734,0,66,Female,18972.5744,FALSE,3,38148.512,3.56,4
735,14,82,Male,34400.99619,FALSE,1,49880.07616,2.39,4
736,10,19,Female,33981.7176,TRUE,5,21065.648,2.27,2
737,13,24,Female,46774.1984,TRUE,5,22716.032,3.52,3
738,19,80,Female,54205.0932,TRUE,0,55398.136,1.45,3
739,18,49,Male,51789.097,FALSE,4,37018.06,1.98,1
740,7,59,Male,26017.85,FALSE,0,30343,3.77,1
741,12,32,Female,29184.577,FALSE,5,27408.46,1.71,0
742,18,72,Female,59484.4152,TRUE,4,57211.696,1.29,6
743,7,35,Male,15021.325,FALSE,2,24073.5,1.45,0
744,10,66,Male,28401.764,FALSE,3,44864.72,1.59,5
745,9,82,Male,36788.444,TRUE,4,56231.12,1.3,5
746,18,74,Female,45065.7904,TRUE,2,57084.192,1.04,4
747,18,48,Female,45788.65008,TRUE,3,30326.9984,3.51,3
748,3,61,Male,18643.6184,FALSE,2,36027.632,3.19,5
749,7,19,Male,31379.485,TRUE,5,19810.3,1.94,0
750,4,35,Male,19193.715,FALSE,1,22325.7,1.62,2
751,19,31,Male,43957.707,TRUE,4,34845.86,1.2,0
752,7,64,Male,29662.745,FALSE,1,39345.1,1.96,5
753,3,68,Male,26888.846,TRUE,3,42923.08,1.47,4
754,10,80,Female,38510.72144,TRUE,1,47885.5712,2.31,3
755,18,48,Female,46046.64808,FALSE,0,26667.0384,3.16,0
756,9,70,Male,38439.67592,TRUE,1,42706.4816,3.15,6
757,11,55,Male,33099.93504,FALSE,2,31901.2992,3.89,3
758,11,69,Male,32565.986,FALSE,5,48580.28,1.19,4
759,4,46,Female,11230.95,FALSE,3,28681,1.13,0
760,16,54,Female,35360.13296,FALSE,1,32997.3408,3.22,2
761,18,79,Female,51366.196,TRUE,3,57576.08,1.19,3
762,20,62,Female,54051.70608,TRUE,5,49565.8784,2.16,5
763,19,37,Female,43922.059,FALSE,2,32158.82,1.66,0
764,9,31,Female,28637.39,TRUE,3,27652.2,1.34,1
765,8,68,Female,29472.684,TRUE,4,48546.32,1.2,6
766,2,37,Female,11696.53,FALSE,2,23569.4,1.35,2
767,19,39,Male,46244.316,TRUE,1,34713.68,1.66,1
768,14,23,Male,32638.111,FALSE,1,23437.78,1.02,2
769,9,25,Female,29643.3024,FALSE,5,21733.952,2.46,2
770,11,18,Female,26902.21136,FALSE,1,18955.7728,2.1,2
771,14,66,Female,36692.288,FALSE,3,40354.24,3.22,4
772,0,59,Male,9372.105,TRUE,3,36857.9,1.13,3
773,5,22,Female,21052.99,TRUE,4,19940.2,1.7,0
774,5,39,Female,21232.745,FALSE,1,25345.1,1.2,2
775,4,23,Male,18743.205,TRUE,0,16735.9,1.06,1
776,19,52,Male,53345.53,TRUE,5,41689.4,1.96,1
777,4,47,Male,16451.04,TRUE,0,28879.2,1.39,2
778,6,49,Male,22383.2516,FALSE,3,28934.968,3.36,1
779,14,78,Male,32179.3343,FALSE,0,44513.31392,2.71,3
780,9,35,Male,23240.2932,TRUE,1,23494.136,3.83,2
781,9,25,Male,18840.8004,FALSE,0,16083.992,3.79,3
782,4,37,Female,16520.5996,TRUE,0,22888.008,2.93,2
783,15,38,Male,43333.693,TRUE,0,30826.14,1.65,3
784,5,40,Male,18158.59,TRUE,0,25828.2,1.9,2
785,16,51,Male,41619.005,FALSE,3,41019.9,1.14,2
786,20,37,Male,51284.35824,FALSE,3,21412.8352,3.81,3
787,12,37,Female,29707.518,FALSE,1,30549.64,1.07,2
788,8,57,Female,27032.22,FALSE,3,38855.6,1.05,3
789,13,67,Female,40055.6816,FALSE,3,47486.368,1.46,6
790,8,78,Female,31784.616,TRUE,5,54307.68,1.4,6
791,4,71,Female,24768.38,FALSE,5,45732.4,1.41,5
792,6,78,Male,31920.068,FALSE,4,48998.64,1.14,4
793,14,72,Male,49947.18077,FALSE,5,50356.38464,2.03,5
794,15,57,Female,47483.01392,TRUE,3,39739.7216,2.54,0
795,8,66,Female,29674.296,TRUE,1,42514.08,1.9,5
796,10,54,Male,23768.86,FALSE,2,37422.8,1.48,2
797,8,60,Female,32869.4536,FALSE,4,37810.928,2.02,1
798,5,58,Female,14624.7408,FALSE,3,34905.184,2.14,0
799,0,50,Female,14260.4448,FALSE,5,31391.104,3.66,2
800,2,81,Female,26889.42688,FALSE,4,48611.4624,3.44,6
801,7,22,Female,18894.8,TRUE,0,17904,1.18,0
802,4,82,Female,28076.65664,TRUE,5,49766.8672,3.23,3
803,10,73,Female,30624.65344,FALSE,1,39706.9312,3.12,3
804,5,32,Female,18380.02,TRUE,5,25799.6,1.94,0
805,19,62,Male,47622.98224,TRUE,3,48040.3552,2.15,3
806,6,78,Male,31320.848,FALSE,3,48583.04,1.4,5
807,3,54,Female,13697.3648,FALSE,1,29152.704,3.01,1
808,17,58,Female,41745.512,TRUE,2,43989.76,1.79,3
809,12,20,Male,33691.7824,FALSE,5,19364.352,2.32,0
810,11,47,Male,39601.40816,FALSE,4,27871.8368,3.59,2
811,3,33,Female,11790.5732,FALSE,0,17888.536,3.77,2
812,0,50,Female,12503.6,FALSE,1,27628,1.77,2
813,5,66,Male,26027.13144,FALSE,4,40557.3712,3.41,5
814,12,25,Male,35597.651,TRUE,1,22746.98,1.47,0
815,11,67,Male,40359.2136,FALSE,3,45615.728,1.38,5
816,9,69,Male,32817.68,FALSE,1,44046.4,1.24,4
817,15,43,Male,32752.31504,FALSE,1,24653.6992,3.37,2
818,16,21,Male,40810.792,TRUE,5,30884.16,1.01,3
819,13,26,Female,28621.17688,FALSE,3,18376.4624,2.88,0
820,16,64,Male,47132.8048,FALSE,0,35643.904,3.53,5
821,3,27,Male,17169.3492,TRUE,0,17413.016,2.68,0
822,2,83,Male,23482.67456,FALSE,3,48146.5088,2.18,4
823,7,60,Male,25151.4224,FALSE,3,38171.552,2.12,2
824,1,45,Male,4656.27,FALSE,1,26074.6,1.42,3
825,2,33,Female,11047.7116,TRUE,3,22545.768,3.25,1
826,19,59,Female,47332.099,TRUE,3,45558.02,1.92,3
827,1,47,Male,8339.4804,FALSE,0,26110.392,2.89,2
828,18,48,Female,55748.12792,TRUE,3,32837.4416,3.68,3
829,10,74,Male,35151.52064,FALSE,4,46969.5872,2.2,4
830,11,72,Male,33541.966,FALSE,2,46860.68,1.37,4
831,6,62,Male,32558.1032,TRUE,5,42137.936,2.93,6
832,15,26,Female,41106.75696,FALSE,1,13464.8608,3.86,1
833,17,40,Female,47992.2556,FALSE,2,30054.888,2.49,3
834,0,76,Female,14202.12,TRUE,0,43957.6,2.6,6
835,0,32,Female,12119.2396,FALSE,1,18215.208,3.66,2
836,5,29,Female,19261.025,TRUE,1,22479.5,1.47,3
837,7,71,Female,37648.35016,TRUE,4,47332.9968,2.33,5
838,6,24,Female,20412.1004,TRUE,1,17157.992,3.24,1
839,11,24,Male,34625.455,TRUE,5,24390.9,1.89,0
840,7,58,Male,32512.26,FALSE,5,39354.8,1.36,2
841,8,32,Male,30924.9568,TRUE,4,24600.864,3.41,3
842,1,32,Male,19305.804,TRUE,3,22783.92,3.99,1
843,15,69,Male,56344.29413,TRUE,5,45014.11744,3.39,6
844,11,28,Female,33330.497,FALSE,1,22290.06,1.79,3
845,11,32,Female,37214.9652,FALSE,4,19000.696,3.93,0
846,19,61,Female,47278.706,FALSE,4,53825.88,0.74,6
847,20,74,Female,54975.96819,TRUE,2,45780.63616,3.23,3
848,1,52,Female,8571.855,FALSE,1,28262.9,1.07,1
849,5,20,Male,24767.6152,TRUE,1,15747.696,3.61,3
850,12,33,Female,30572.35384,FALSE,5,26952.9232,2.74,1
851,18,52,Male,44368.892,TRUE,3,44322.16,1.27,3
852,6,37,Male,19696.865,FALSE,5,29062.7,1.4,3
853,8,52,Female,23092.244,TRUE,2,34155.12,2.2,2
854,3,83,Female,24821.0224,FALSE,2,47779.552,2.32,5
855,15,55,Male,35409.53888,FALSE,3,30409.2224,3.86,0
856,6,56,Male,22106.3688,TRUE,0,31972.624,3.21,2
857,12,20,Female,37874.75064,FALSE,3,19604.9872,2.21,3
858,6,73,Male,22615.43952,TRUE,1,43191.2096,2.95,6
859,8,26,Female,30708.57,TRUE,3,23228.6,1.54,0
860,13,66,Female,47037.6948,FALSE,5,50146.104,1.39,5
861,5,65,Male,25142.998,TRUE,2,40040.04,3.29,4
862,11,85,Female,31484.41259,TRUE,0,51811.74816,2.15,6
863,13,31,Male,31401.94736,FALSE,1,23961.0528,2.5,1
864,11,81,Female,39544.856,TRUE,3,57902.88,0.68,6
865,16,75,Female,46851.4528,FALSE,1,53470.944,1.05,4
866,1,37,Male,15412.98,TRUE,4,26540.4,1.08,2
867,3,63,Female,19123.76,FALSE,0,36324.8,1.28,4
868,19,42,Female,51401.087,TRUE,0,35878.26,1.49,3
869,8,70,Female,35158.056,TRUE,1,46838.88,1,6
870,14,55,Female,30222.759,TRUE,0,39444.82,1.39,0
871,2,45,Female,22270.6752,TRUE,2,28286.496,3.87,3
872,3,53,Male,7105.07,FALSE,1,29698.6,1.58,0
873,2,70,Female,19934.092,FALSE,2,40118.16,1.38,3
874,16,67,Female,41125.1984,TRUE,1,48896.032,1.74,6
875,16,18,Male,35080.132,FALSE,3,23197.36,1.38,3
876,1,69,Male,14817.32936,FALSE,2,40153.4128,2.35,5
877,4,22,Male,7187.405,FALSE,1,16051.9,1.08,1
878,15,28,Male,46461.267,FALSE,5,32574.66,1.08,3
879,20,74,Male,49603.2328,FALSE,3,53935.344,1.8,6
880,16,71,Female,48291.1152,FALSE,5,53277.696,1.21,5
881,3,78,Female,19546.266,FALSE,3,46374.68,1.13,4
882,12,81,Male,32424.9312,FALSE,3,54501.376,1.1,4
883,20,20,Male,51947.579,TRUE,1,24248.42,1.82,1
884,1,55,Male,15762.3872,FALSE,2,30652.256,3.59,0
885,11,40,Male,30565.943,FALSE,2,30681.14,1.7,3
886,8,37,Female,28169.6724,FALSE,5,25706.552,3.01,1
887,12,84,Female,44681.78752,FALSE,4,55164.2496,2.08,4
888,1,43,Female,4318.92,FALSE,2,25521.6,1.09,1
889,7,55,Female,33765.56,TRUE,5,38988.8,1.43,0
890,8,56,Female,28009.1676,FALSE,3,35316.648,2.85,3
891,6,51,Female,14178.93,FALSE,1,31421.4,1.3,2
892,18,68,Female,49757.62685,FALSE,0,36947.46304,3.11,3
893,14,44,Male,27145.2,FALSE,0,31996,1.19,1
894,11,29,Female,34484.501,TRUE,0,25609.98,1.23,3
895,9,24,Male,35221.178,FALSE,5,23676.44,2.51,3
896,3,69,Male,19117.1144,TRUE,1,40457.712,2.98,3
897,9,38,Female,35626.574,FALSE,5,25168.52,3.67,1
898,10,71,Female,32689.29696,TRUE,4,48614.0608,2.04,4
899,11,64,Male,37826.947,FALSE,2,44861.06,1.34,4
900,10,69,Female,30584.928,FALSE,4,48301.44,1.2,6
901,18,26,Female,41839.084,TRUE,4,29418.32,1.42,0
902,14,37,Female,42547.19928,TRUE,1,29156.0144,2.61,2
903,3,68,Female,20362.328,FALSE,0,38553.44,1.48,5
904,7,64,Female,30593.4648,TRUE,3,42430.704,2.13,5
905,12,38,Male,40061.703,TRUE,3,32465.94,1.27,1
906,12,63,Male,34522.44,FALSE,2,40251.2,1.97,3
907,17,25,Female,44501.751,TRUE,3,30764.98,1.08,2
908,16,32,Male,39067.526,TRUE,0,28049.48,1.54,2
909,19,80,Female,51042.3864,TRUE,0,52952.272,1.88,5
910,8,28,Female,26630.0352,TRUE,3,20899.296,2.75,0
911,9,22,Female,23275.79,FALSE,4,17984.2,2.95,2
912,16,61,Female,38646.663,FALSE,0,44666.74,1.06,3
913,11,48,Female,42401.488,TRUE,5,40370.24,1.24,2
914,1,59,Female,9551.67,TRUE,2,35666.6,1.87,2
915,16,56,Female,47506.72456,TRUE,0,31565.5088,3.97,2
916,9,67,Male,31135.91808,FALSE,3,39881.6384,3.36,3
917,2,51,Female,9822.7588,TRUE,1,30544.824,2.5,2
918,1,27,Male,16894.4744,TRUE,1,19310.512,2.82,3
919,14,74,Female,48769.5792,FALSE,5,54308.416,1.17,4
920,15,80,Male,50235.60683,TRUE,1,45187.86336,3.99,4
921,14,21,Female,35456.23752,FALSE,0,17975.2496,2.51,0
922,3,72,Female,17143.514,FALSE,5,45229.72,1.41,4
923,5,85,Female,22225.4324,FALSE,1,46191.352,3.07,4
924,10,61,Male,29570.2728,FALSE,0,36294.544,3.07,5
925,13,64,Female,38216.435,TRUE,5,50771.3,1.21,3
926,14,49,Male,31340.521,FALSE,3,36789.58,1.56,0
927,2,54,Female,15527.784,TRUE,2,31144.32,3.37,0
928,8,32,Female,28100.81,TRUE,1,24583.8,1.26,0
929,7,26,Female,24609.79,FALSE,2,18504.2,1.87,0
930,16,46,Male,37513.9088,FALSE,3,32321.824,3.06,2
931,1,62,Male,25611.3136,TRUE,5,39973.728,3.32,3
932,2,26,Male,18061.19,FALSE,3,18976.2,1.32,3
933,14,53,Male,47469.52416,TRUE,4,36909.5168,2.53,1
934,18,53,Male,48537.45816,FALSE,4,29250.8368,3.9,1
935,9,45,Male,27566.54,FALSE,4,32669.2,1.4,0
936,13,18,Male,35744.76176,TRUE,5,23704.7648,2.76,3
937,3,35,Male,21373.455,TRUE,3,24930.9,1.24,0
938,12,33,Male,39427.434,TRUE,3,32851.32,1.04,1
939,9,74,Male,38630.9536,TRUE,5,49580.928,2.92,5
940,13,58,Female,35512.495,TRUE,4,47150.1,1.14,2
941,5,41,Female,22409.3236,FALSE,2,24113.528,3.03,0
942,14,19,Male,35556.2276,TRUE,0,17375.448,2.55,3
943,0,79,Male,16502.87328,FALSE,0,43642.5344,2.57,6
944,8,28,Male,27219.7852,FALSE,4,21804.296,2.52,3
945,19,54,Female,52201.547,FALSE,2,43169.06,1.42,3
946,0,78,Female,16582.5104,FALSE,5,46649.792,2.73,3
947,3,67,Female,15847.61656,FALSE,4,38747.6688,3.67,3
948,8,52,Female,26961.04,FALSE,1,31379.2,1.66,0
949,14,43,Male,35611.74992,TRUE,3,30265.0016,3.15,1
950,2,83,Female,21284.14208,TRUE,3,48317.1584,3.3,3
951,14,18,Female,37499.575,TRUE,3,24008.5,1.3,1
952,9,77,Male,38372.784,TRUE,3,52344.32,1.08,3
953,13,78,Female,38597.04966,TRUE,2,46859.00672,3.28,6
954,15,29,Female,37273.021,TRUE,1,29839.58,1.23,1
955,3,28,Female,20619.788,FALSE,3,20504.24,2.19,3
956,19,22,Male,41893.389,FALSE,5,29532.22,1.34,0
957,9,67,Male,36903.168,FALSE,3,46336.64,1.04,6
958,18,38,Male,50272.24784,TRUE,5,29255.0432,2.87,0
959,9,66,Male,34073.53096,TRUE,2,41029.3808,3.55,5
960,8,34,Male,33550.47,TRUE,3,27790.6,1.58,3
961,8,83,Male,34021.912,TRUE,0,51661.76,1.11,5
962,7,80,Female,30435.094,TRUE,2,52198.12,1.09,6
963,1,38,Male,15531.6608,TRUE,4,26466.784,2.61,1
964,17,29,Male,39864.75392,FALSE,0,18504.9216,3.28,3
965,16,22,Female,39307.418,FALSE,2,21851.64,1.9,3
966,13,64,Female,42266.822,TRUE,4,45663.56,1.8,3
967,16,57,Male,45801.22312,FALSE,4,35075.5376,3.21,3
968,19,42,Male,42517.46,TRUE,1,40050.8,1.14,3
969,12,85,Male,37358.21664,FALSE,1,46135.6672,3.83,5
970,16,28,Female,39554.09216,FALSE,1,16118.1568,3.62,3
971,8,49,Male,32033.9536,TRUE,5,34020.928,3.17,1
972,9,80,Male,28706.88584,TRUE,1,47162.2832,3.63,5
973,12,43,Female,33799.36472,TRUE,2,33312.7056,2.33,0
974,9,54,Male,36066.0052,FALSE,5,35579.896,2.39,1
975,0,36,Female,14082.7336,FALSE,5,25045.328,3.97,3
976,9,65,Female,24006.7672,FALSE,1,36464.656,3.66,4
977,6,20,Female,27771.995,FALSE,5,19360.1,1.48,2
978,0,55,Female,10477.205,TRUE,2,32055.9,1.16,0
979,6,30,Female,10354.585,FALSE,0,19608.3,1.17,1
980,17,39,Male,35651.771,FALSE,1,33764.58,1.38,3
981,4,55,Male,22736.895,TRUE,5,37462.1,1.22,0
982,6,67,Male,16190.48208,FALSE,0,34890.3584,3.97,3
983,9,38,Male,26983.6384,TRUE,0,26927.232,2.56,3
984,9,71,Male,36686.21896,FALSE,3,39975.6208,3.67,3
985,18,85,Female,50331.48931,FALSE,5,54270.21376,3.09,6
986,13,68,Female,41275.688,TRUE,3,50886.24,1.04,4
987,12,24,Male,39230.77832,TRUE,1,16784.4336,3.84,3
988,7,71,Male,25641.59992,TRUE,2,41268.0016,3.71,5
989,2,46,Female,9958.1872,FALSE,4,27736.256,3.49,0
990,3,81,Male,12400.36168,FALSE,1,45292.7664,2.13,4
991,14,60,Female,45372.104,TRUE,2,42257.92,1.97,2
992,9,29,Male,30610.31,TRUE,4,28093.8,1.23,2
993,16,75,Female,45423.4392,TRUE,5,54931.216,1.84,3
994,8,64,Female,31909.0288,FALSE,4,39119.424,3.43,5
995,13,33,Male,38912.76464,FALSE,3,23244.7072,2.55,0
996,13,57,Male,33298.245,FALSE,1,39635.1,1.16,2
997,16,79,Male,45502.93248,FALSE,5,52241.3504,2.43,6
998,9,40,Male,19888.3428,FALSE,0,23333.144,3.61,3
999,10,29,Male,26026.52,FALSE,1,23969.6,1.15,3
1000,0,63,Female,15563.9584,TRUE,5,41520.832,2.68,6
